r1i0n0.ice.mbhpe.net , 10.148.0.3
r1i0n1.ice.mbhpe.net , 10.148.0.4
r1i0n2.ice.mbhpe.net , 10.148.0.5
r1i0n3.ice.mbhpe.net , 10.148.0.6
r1i0n4.ice.mbhpe.net , 10.148.0.7
r1i0n5.ice.mbhpe.net , 10.148.0.8
r1i0n6.ice.mbhpe.net , 10.148.0.9
r1i0n7.ice.mbhpe.net , 10.148.0.10
r1i0n8.ice.mbhpe.net , 10.148.0.11
r1i0n9.ice.mbhpe.net , 10.148.0.12
r1i0n10.ice.mbhpe.net , 10.148.0.13
r1i0n11.ice.mbhpe.net , 10.148.0.14
r1i0n12.ice.mbhpe.net , 10.148.0.15
r1i0n13.ice.mbhpe.net , 10.148.0.16
r1i0n14.ice.mbhpe.net , 10.148.0.17
r1i0n15.ice.mbhpe.net , 10.148.0.18
r1i1n0.ice.mbhpe.net , 10.148.0.19
r1i1n1.ice.mbhpe.net , 10.148.0.20
r1i1n2.ice.mbhpe.net , 10.148.0.21
r1i1n3.ice.mbhpe.net , 10.148.0.22
r1i1n4.ice.mbhpe.net , 10.148.0.23
r1i1n5.ice.mbhpe.net , 10.148.0.24
r1i1n6.ice.mbhpe.net , 10.148.0.25
r1i1n7.ice.mbhpe.net , 10.148.0.26
r1i1n8.ice.mbhpe.net , 10.148.0.27
r1i1n9.ice.mbhpe.net , 10.148.0.28
r1i1n10.ice.mbhpe.net , 10.148.0.29
r1i1n11.ice.mbhpe.net , 10.148.0.30
r1i1n12.ice.mbhpe.net , 10.148.0.31
r1i1n13.ice.mbhpe.net , 10.148.0.32
r1i1n14.ice.mbhpe.net , 10.148.0.33
r1i1n15.ice.mbhpe.net , 10.148.0.34
r1i3n0.ice.mbhpe.net , 10.148.0.51
r1i3n1.ice.mbhpe.net , 10.148.0.52
r1i3n2.ice.mbhpe.net , 10.148.0.53
r1i3n3.ice.mbhpe.net , 10.148.0.54
r1i3n4.ice.mbhpe.net , 10.148.0.55
r1i3n5.ice.mbhpe.net , 10.148.0.56
r1i3n6.ice.mbhpe.net , 10.148.0.57
r1i3n7.ice.mbhpe.net , 10.148.0.58
r1i3n8.ice.mbhpe.net , 10.148.0.59
r1i3n9.ice.mbhpe.net , 10.148.0.60
r1i3n10.ice.mbhpe.net , 10.148.0.61
r1i3n11.ice.mbhpe.net , 10.148.0.62
r1i3n12.ice.mbhpe.net , 10.148.0.63
r1i3n13.ice.mbhpe.net , 10.148.0.64
r1i3n14.ice.mbhpe.net , 10.148.0.65
r1i3n15.ice.mbhpe.net , 10.148.0.66
